mean,stdev,delta,lower,higher
11.2837132645373,0.3016148660099,0.1695206855244,0.0000000000000,1.0000000000000
counts,midpoints,proportions,densities
6.0000000000000,11.1903442960117,0.1224489795918,0.7223247075309
11.0000000000000,11.3598649815361,0.2244897959184,1.3242619638067
14.0000000000000,11.5293856670605,0.2857142857143,1.6854243175722
15.0000000000000,11.6989063525848,0.3061224489796,1.8058117688274
1.0000000000000,11.8684270381092,0.0204081632653,0.1203874512552
1.0000000000000,12.0379477236336,0.0204081632653,0.1203874512552
