mean,stdev,delta,lower,higher
11.8043956779576,0.2590651622592,0.0782373487232,0.0000000000000,1.0000000000000
counts,midpoints,proportions,densities
2.0000000000000,11.8742865532879,0.0408163265306,0.5216987435887
12.0000000000000,11.9525239020111,0.2448979591837,3.1301924615324
14.0000000000000,12.0307612507343,0.2857142857143,3.6518912051211
13.0000000000000,12.1089985994575,0.2653061224490,3.3910418333268
6.0000000000000,12.1872359481807,0.1224489795918,1.5650962307662
1.0000000000000,12.2654732969039,0.0204081632653,0.2608493717944
