mean,stdev,delta,lower,higher
3.1838128569538,0.0705387444045,0.0207232545358,0.0000000000000,1.0000000000000
counts,midpoints,proportions,densities
2.0000000000000,3.2056736411156,0.0408163265306,1.9695905611807
15.0000000000000,3.2263968956514,0.3061224489796,14.7719292088550
16.0000000000000,3.2471201501872,0.3265306122449,15.7567244894453
7.0000000000000,3.2678434047230,0.1428571428571,6.8935669641323
5.0000000000000,3.2885666592587,0.1020408163265,4.9239764029517
3.0000000000000,3.3092899137945,0.0612244897959,2.9543858417710
