mean,stdev,delta,lower,higher
3.0081531793704,0.0659959168860,0.0178113497724,0.0000000000000,1.0000000000000
counts,midpoints,proportions,densities
9.0000000000000,3.0392821053854,0.1836734693878,10.3121589174995
11.0000000000000,3.0570934551578,0.2244897959184,12.6037497880550
17.0000000000000,3.0749048049301,0.3469387755102,19.4785223997213
5.0000000000000,3.0927161547025,0.1020408163265,5.7289771763886
5.0000000000000,3.1105275044748,0.1020408163265,5.7289771763886
1.0000000000000,3.1283388542472,0.0204081632653,1.1457954352777
