mean,stdev,delta,lower,higher
2.9217725969960,0.0727049654095,0.0267048912756,0.0000000000000,1.0000000000000
counts,midpoints,proportions,densities
6.0000000000000,2.9142115755398,0.1224489795918,4.5852641124148
7.0000000000000,2.9409164668153,0.1428571428571,5.3494747978172
10.0000000000000,2.9676213580909,0.2040816326531,7.6421068540246
9.0000000000000,2.9943262493665,0.1836734693878,6.8778961686221
11.0000000000000,3.0210311406421,0.2244897959184,8.4063175394271
5.0000000000000,3.0477360319177,0.1020408163265,3.8210534270123
