mean,stdev,delta,lower,higher
6.1076005213311,0.1321814525827,0.0299625241528,0.0000000000000,1.0000000000000
counts,midpoints,proportions,densities
3.0000000000000,6.1605601077300,0.0612244897959,2.0433688925430
8.0000000000000,6.1905226318828,0.1632653061224,5.4489837134481
16.0000000000000,6.2204851560356,0.3265306122449,10.8979674268963
10.0000000000000,6.2504476801884,0.2040816326531,6.8112296418102
6.0000000000000,6.2804102043412,0.1224489795918,4.0867377850861
5.0000000000000,6.3103727284940,0.1020408163265,3.4056148209051
