mean,stdev,delta,lower,higher
2.1734567353925,0.0514161606498,0.0188149114383,0.0000000000000,1.0000000000000
counts,midpoints,proportions,densities
9.0000000000000,2.1850270343863,0.1836734693878,9.7621224521999
11.0000000000000,2.2038419458245,0.2244897959184,11.9314829971332
18.0000000000000,2.2226568572628,0.3673469387755,19.5242449043998
4.0000000000000,2.2414717687011,0.0816326530612,4.3387210898666
3.0000000000000,2.2602866801394,0.0612244897959,3.2540408174000
3.0000000000000,2.2791015915776,0.0612244897959,3.2540408174000
