mean,stdev,delta,lower,higher
2.8180091123416,0.0718387692091,0.0286786777735,0.0000000000000,1.0000000000000
counts,midpoints,proportions,densities
7.0000000000000,2.8103981931641,0.1428571428571,4.9813015783143
8.0000000000000,2.8390768709376,0.1632653061224,5.6929160895021
11.0000000000000,2.8677555487112,0.2244897959184,7.8277596230654
11.0000000000000,2.8964342264847,0.2244897959184,7.8277596230654
7.0000000000000,2.9251129042582,0.1428571428571,4.9813015783143
4.0000000000000,2.9537915820317,0.0816326530612,2.8464580447510
