mean,stdev,delta,lower,higher
6.8087481634876,0.1626097352775,0.0707382919393,0.0000000000000,1.0000000000000
counts,midpoints,proportions,densities
2.0000000000000,6.7590142095578,0.0408163265306,0.5770046945098
5.0000000000000,6.8297525014972,0.1020408163265,1.4425117362746
13.0000000000000,6.9004907934365,0.2653061224490,3.7505305143140
15.0000000000000,6.9712290853759,0.3061224489796,4.3275352088238
11.0000000000000,7.0419673773152,0.2244897959184,3.1735258198041
2.0000000000000,7.1127056692546,0.0408163265306,0.5770046945098
