mean,stdev,delta,lower,higher
3.5266600269243,0.0756356194833,0.0204580146591,0.0000000000000,1.0000000000000
counts,midpoints,proportions,densities
2.0000000000000,3.5558064123905,0.0408163265306,1.9951264680734
11.0000000000000,3.5762644270496,0.2244897959184,10.9731955744036
17.0000000000000,3.5967224417087,0.3469387755102,16.9585749786237
13.0000000000000,3.6171804563678,0.2653061224490,12.9683220424770
5.0000000000000,3.6376384710269,0.1020408163265,4.9878161701835
0.0000000000000,3.6580964856860,0.0000000000000,0.0000000000000
