mean,stdev,delta,lower,higher
5.8882790149728,0.1269223191954,0.0286042973014,0.0000000000000,1.0000000000000
counts,midpoints,proportions,densities
1.0000000000000,5.9167956825010,0.0204081632653,0.7134649402597
4.0000000000000,5.9453999798024,0.0816326530612,2.8538597610388
8.0000000000000,5.9740042771037,0.1632653061224,5.7077195220776
12.0000000000000,6.0026085744051,0.2448979591837,8.5615792831164
13.0000000000000,6.0312128717065,0.2653061224490,9.2750442233761
10.0000000000000,6.0598171690079,0.2040816326531,7.1346494025970
