mean,stdev,delta,lower,higher
4.4538274463133,0.0984633534190,0.0287041240926,0.0000000000000,1.0000000000000
counts,midpoints,proportions,densities
5.0000000000000,4.4820312389031,0.1020408163265,3.5549183105975
8.0000000000000,4.5107353629958,0.1632653061224,5.6878692969560
14.0000000000000,4.5394394870884,0.2857142857143,9.9537712696730
13.0000000000000,4.5681436111810,0.2653061224490,9.2427876075535
7.0000000000000,4.5968477352736,0.1428571428571,4.9768856348365
1.0000000000000,4.6255518593662,0.0204081632653,0.7109836621195
