mean,stdev,delta,lower,higher
13.2876605892797,0.3345186761139,0.1606687932426,0.0000000000000,1.0000000000000
counts,midpoints,proportions,densities
2.0000000000000,13.1962875337088,0.0408163265306,0.2540401636613
12.0000000000000,13.3569563269514,0.2448979591837,1.5242409819678
15.0000000000000,13.5176251201940,0.3061224489796,1.9053012274597
9.0000000000000,13.6782939134366,0.1836734693878,1.1431807364758
9.0000000000000,13.8389627066792,0.1836734693878,1.1431807364758
1.0000000000000,13.9996314999218,0.0204081632653,0.1270200818306
