mean,stdev,delta,lower,higher
3.0663179548614,0.0687447863501,0.0241909269377,0.0000000000000,1.0000000000000
counts,midpoints,proportions,densities
8.0000000000000,3.0903853450026,0.1632653061224,6.7490305990579
15.0000000000000,3.1145762719403,0.3061224489796,12.6544323732336
14.0000000000000,3.1387671988781,0.2857142857143,11.8108035483514
8.0000000000000,3.1629581258158,0.1632653061224,6.7490305990579
3.0000000000000,3.1871490527536,0.0612244897959,2.5308864746467
0.0000000000000,3.2113399796913,0.0000000000000,0.0000000000000
