mean,stdev,delta,lower,higher
3.6301710172578,0.0820314231044,0.0305830205138,0.0000000000000,1.0000000000000
counts,midpoints,proportions,densities
4.0000000000000,3.6369877839614,0.0816326530612,2.6692148679201
6.0000000000000,3.6675708044752,0.1224489795918,4.0038223018801
18.0000000000000,3.6981538249889,0.3673469387755,12.0114669056404
15.0000000000000,3.7287368455027,0.3061224489796,10.0095557547003
4.0000000000000,3.7593198660164,0.0816326530612,2.6692148679201
1.0000000000000,3.7899028865302,0.0204081632653,0.6673037169800
