mean,stdev,delta,lower,higher
3.9235513555622,0.0893265511652,0.0306773430783,0.0000000000000,1.0000000000000
counts,midpoints,proportions,densities
3.0000000000000,3.9183728700813,0.0612244897959,1.9957559440434
2.0000000000000,3.9490502131595,0.0408163265306,1.3305039626956
13.0000000000000,3.9797275562378,0.2653061224490,8.6482757575216
17.0000000000000,4.0104048993161,0.3469387755102,11.3092836829129
8.0000000000000,4.0410822423944,0.1632653061224,5.3220158507825
5.0000000000000,4.0717595854726,0.1020408163265,3.3262599067391
