mean,stdev,delta,lower,higher
4.0240737477472,0.0881636202360,0.0233975968757,0.0000000000000,1.0000000000000
counts,midpoints,proportions,densities
3.0000000000000,4.0547765745868,0.0612244897959,2.6166999167180
13.0000000000000,4.0781741714625,0.2653061224490,11.3390329724447
12.0000000000000,4.1015717683381,0.2448979591837,10.4667996668720
9.0000000000000,4.1249693652138,0.1836734693878,7.8500997501540
10.0000000000000,4.1483669620894,0.2040816326531,8.7223330557267
1.0000000000000,4.1717645589651,0.0204081632653,0.8722333055727
