mean,stdev,delta,lower,higher
11.9962867088945,0.2541592364216,0.0467947670276,0.0000000000000,1.0000000000000
counts,midpoints,proportions,densities
3.0000000000000,12.1379964499117,0.0612244897959,1.3083618892631
12.0000000000000,12.1847912169393,0.2448979591837,5.2334475570523
11.0000000000000,12.2315859839670,0.2244897959184,4.7973269272979
12.0000000000000,12.2783807509946,0.2448979591837,5.2334475570523
9.0000000000000,12.3251755180223,0.1836734693878,3.9250856677892
1.0000000000000,12.3719702850499,0.0204081632653,0.4361206297544
